{"val_loss": [2.435960723876953, 0.2895759286880493, 0.2907285623550415, 0.2680847555796305, 0.30033111159006753, 2.318287363688151, 2.313792475382487, 2.32141259765625, 2.319309275309245, NaN, NaN], "val_acc": [0.16066666666666668, 0.9121666666666667, 0.9081666666666667, 0.9158333333333334, 0.9073333333333333, 0.09933333333333333, 0.111, 0.111, 0.111, 0.09716666666666667, 0.09716666666666667], "tst_loss": [2.44135525226593, 0.2621964171528816, 0.25902900397777556, 0.24004064723849297, 0.2684056207537651, 2.312520146369934, 2.3082735776901244, 2.312403416633606, 2.3138661623001098, NaN, NaN], "tst_acc": [0.153, 0.9197, 0.9156, 0.9265, 0.9161, 0.0982, 0.1135, 0.1135, 0.1135, 0.098, 0.098], "best_acc": [0.153, 0.9197, 0.9156, 0.9265, 0.9161, 0.0982, 0.1135, 0.1135, 0.1135, 0.098, 0.098], "trn_loss": [2.437018620243779, 0.26658947139316136, 0.2618693863374216, 0.24619273602520977, 0.2793392128061365, 2.3134883309823495, 2.3094226198549626, 2.3144601033528645, 2.3150182506419994, NaN, NaN], "trn_acc": [0.15209259259259258, 0.9202407407407407, 0.9176296296296297, 0.9252777777777778, 0.9127962962962963, 0.09714814814814815, 0.11251851851851852, 0.11251851851851852, 0.11251851851851852, 0.09888888888888889, 0.09888888888888889], "time": [0, 11.230734825134277, 10.772861003875732, 10.880439519882202, 10.94045901298523, 10.854071140289307, 10.824781656265259, 10.870650291442871, 10.888611555099487, 10.86073112487793, 10.790398359298706, 10.878774642944336, 10.792306900024414, 10.814073085784912, 10.790575504302979, 10.884944200515747, 10.922390937805176, 10.81915283203125, 10.894491910934448, 10.9221031665802, 10.885689735412598, 124.22774744033813, 11.008848190307617, 11.019275426864624, 10.99050760269165, 10.925096035003662, 11.09045934677124, 10.994102716445923, 11.044908046722412, 10.988732099533081, 10.998842477798462, 11.12613296508789, 11.12421989440918, 10.938192129135132, 10.962076663970947, 10.864609241485596, 11.039093494415283, 11.089861392974854, 10.946403741836548, 11.061162233352661, 11.063092470169067, 117.03489089012146, 11.019293069839478, 11.141255378723145, 11.012054204940796, 11.110486030578613, 11.021608829498291, 11.160273551940918, 11.104848146438599, 11.042060136795044, 10.982948064804077, 11.111750841140747]}