{"val_loss": [0.11299897342920304, 0.1131085484524568, 0.11308417172233264, 0.11308542091647784, 0.1131278991997242, 0.1128686812321345, 0.11282635382811228, 0.11272582392891248, 0.11317125109831493, 0.11257528417309125, 0.1110480883816878, 0.10963233109315236, 0.11067138754328092, 0.11082967299222946, 0.11291378382841746, 0.11455894414583842, 0.11770922347903251, 0.11995198825995128, 0.12014523029327392, 0.12374261424938837, 0.1268647092282772], "val_acc": [0.9706666666666667, 0.9701666666666666, 0.9703333333333334, 0.9703333333333334, 0.9705, 0.9706666666666667, 0.9705, 0.9708333333333333, 0.9705, 0.9705, 0.9705, 0.9713333333333334, 0.9711666666666666, 0.971, 0.9708333333333333, 0.9701666666666666, 0.9698333333333333, 0.9696666666666667, 0.9703333333333334, 0.9686666666666667, 0.9686666666666667], "tst_loss": [0.08396437987685204, 0.08405996542423963, 0.08401001701131464, 0.08401199970394373, 0.08395075732842087, 0.08366151768714189, 0.08357283100485802, 0.08342154053971171, 0.08413731576874853, 0.08334884624928236, 0.082161530200392, 0.08126751063391566, 0.08184612393379212, 0.08235042011365294, 0.08383213495835662, 0.08391196690499783, 0.08569662701338529, 0.0883322723209858, 0.08857205789536238, 0.0930260387249291, 0.09319399371743202], "tst_acc": [0.9762, 0.9764, 0.9765, 0.9765, 0.9766, 0.9763, 0.9763, 0.9767, 0.9762, 0.9759, 0.9766, 0.9766, 0.976, 0.9766, 0.9761, 0.9761, 0.9751, 0.9748, 0.9745, 0.973, 0.9741], "best_acc": [0.9762, 0.9764, 0.9765, 0.9765, 0.9766, 0.9763, 0.9763, 0.9767, 0.9762, 0.9759, 0.9766, 0.9766, 0.976, 0.9766, 0.9761, 0.9761, 0.9751, 0.9748, 0.9745, 0.973, 0.9741], "trn_loss": [0.09911793217394782, 0.10265344916963089, 0.10347445284732909, 0.09651841318446269, 0.09561921520997359, 0.10349760291447624, 0.10183645716453518, 0.10437088696618352, 0.09656353412386634, 0.09716443944926403, 0.09960928381241269, 0.09970173627292714, 0.09546946064440832, 0.09681981568462167, 0.09914179557155718, 0.10110729958430874, 0.10352930519551869, 0.10631106998141614, 0.10562435877949333, 0.10764075347454434, 0.10702508391743645], "trn_acc": [0.9728847695951364, 0.9721776151174516, 0.9729855960543278, 0.9735866543095458, 0.9744609665427509, 0.9719620927493972, 0.9725387250521299, 0.9737692736392346, 0.9740906547285955, 0.973766720469008, 0.9729318283083321, 0.9729664088480364, 0.9737393205952668, 0.9733671880791757, 0.9738210139931804, 0.9723184673250449, 0.9716491019741725, 0.9721956601691798, 0.9719878626406158, 0.9723259793548862, 0.971374439588062], "time": [0, 16.156875133514404, 14.525437355041504, 14.1117684841156, 14.005083799362183, 14.277174949645996, 14.044812202453613, 14.89565134048462, 14.443213701248169, 14.542211294174194, 14.945345163345337, 14.109019994735718, 14.05473256111145, 13.877259492874146, 14.104312896728516, 13.89074969291687, 14.056890487670898, 14.02794098854065, 13.86195707321167, 14.187089204788208, 14.079168558120728, 14.042278051376343, 13.89332389831543, 14.177746534347534, 13.924346446990967, 13.971761226654053, 14.040123701095581, 14.12935996055603, 14.216480016708374, 14.157308578491211, 13.923574209213257, 13.86144733428955, 13.966372728347778, 14.260488986968994, 13.795815229415894, 14.074725866317749, 13.97831678390503, 13.991679430007935, 14.139856576919556, 13.896703004837036, 13.992888450622559, 14.061458349227905, 13.94469690322876, 13.832969188690186, 13.977428436279297, 13.937142610549927, 14.283729314804077, 14.239597082138062, 13.863185167312622, 13.827560901641846, 14.060178279876709, 14.125053644180298, 13.85931921005249, 13.986018180847168, 14.059508323669434, 14.24539852142334, 14.098857879638672, 14.190732479095459, 14.44062614440918, 14.126697540283203, 14.065489768981934, 14.188101291656494, 13.937788009643555, 14.126036882400513, 13.911617040634155, 13.944607973098755, 13.880298376083374, 14.097250938415527, 13.783660888671875, 13.995354413986206, 13.901230812072754, 14.127004384994507, 14.168417930603027, 14.10988998413086, 13.964821577072144, 13.777981996536255, 13.772600889205933, 13.749746799468994, 14.082505464553833, 13.814376831054688, 13.969093322753906, 13.929744958877563, 13.903561353683472, 14.104811191558838, 14.133315801620483, 14.322239875793457, 13.987601280212402, 14.05587387084961, 13.912569522857666, 13.69593095779419, 13.695780515670776, 13.680514097213745, 13.853242635726929, 13.97808313369751, 13.727302551269531, 14.003803968429565, 14.134405612945557, 13.897286415100098, 13.554786205291748, 13.854622840881348, 13.666539907455444, 13.866083860397339]}